﻿<?xml version="1.0" encoding="utf-8"?>
<!--配置文件为软件自动生成，非软件的编写者不要尝试修改。by leomon 2015/7/5-->
<configuration firstTimeRunning="false">
  <Steer_P>1.0</Steer_P>
  <Steer_I>1.0</Steer_I>
  <Steer_D>1.0</Steer_D>
  <Motor_P>1.0</Motor_P>
  <Motor_I>1.0</Motor_I>
  <Motor_D>1.0</Motor_D>
  <DIY_TextName1>数据1</DIY_TextName1>
  <DIY_TextValue1>1.00</DIY_TextValue1>
  <buttonSubmit1>修改</buttonSubmit1>
  <DIY_TextName2>数据2</DIY_TextName2>
  <DIY_TextValue2>1.00</DIY_TextValue2>
  <buttonSubmit2>修改</buttonSubmit2>
  <DIY_TextName3>数据3</DIY_TextName3>
  <DIY_TextValue3>1.00</DIY_TextValue3>
  <buttonSubmit3>修改</buttonSubmit3>
  <DIY_TextName4>数据4</DIY_TextName4>
  <DIY_TextValue4>1.00</DIY_TextValue4>
  <buttonSubmit4>修改</buttonSubmit4>
  <DIY_TextName5>数据5</DIY_TextName5>
  <DIY_TextValue5>1.00</DIY_TextValue5>
  <buttonSubmit5>修改</buttonSubmit5>
  <Electricity_Num>5</Electricity_Num>
  <elec_Value1>1.00</elec_Value1>
  <elec_Value2>1.00</elec_Value2>
  <elec_Value3>1.00</elec_Value3>
  <elec_Value4>1.00</elec_Value4>
  <elec_Value5>1.00</elec_Value5>
  <SCOPE_TextName1>波形1</SCOPE_TextName1>
  <SCOPE_TextName2>波形2</SCOPE_TextName2>
  <SCOPE_TextName3>波形3</SCOPE_TextName3>
  <SCOPE_TextName4>波形4</SCOPE_TextName4>
  <SCOPE_TextName5>波形5</SCOPE_TextName5>
  <SCOPE_TextName6>波形6</SCOPE_TextName6>
  <SCOPE_TextName7>波形7</SCOPE_TextName7>
  <SCOPE_TextName8>波形8</SCOPE_TextName8>
  <acceptChar>False</acceptChar>
  <showInfo>True</showInfo>
  <radioButton_carType>True</radioButton_carType>
  <DIY_CheckState1>False</DIY_CheckState1>
  <DIY_CheckState2>False</DIY_CheckState2>
  <DIY_CheckState3>False</DIY_CheckState3>
  <DIY_CheckState4>False</DIY_CheckState4>
  <DIY_CheckState5>False</DIY_CheckState5>
  <SCOPE_CheckState1>True</SCOPE_CheckState1>
  <SCOPE_CheckState2>False</SCOPE_CheckState2>
  <SCOPE_CheckState3>False</SCOPE_CheckState3>
  <SCOPE_CheckState4>False</SCOPE_CheckState4>
  <SCOPE_CheckState5>False</SCOPE_CheckState5>
  <SCOPE_CheckState6>False</SCOPE_CheckState6>
  <SCOPE_CheckState7>False</SCOPE_CheckState7>
  <SCOPE_CheckState8>False</SCOPE_CheckState8>
  <selectedPort>1</selectedPort>
  <baudRate>11</baudRate>
  <parity>0</parity>
  <dataBits>0</dataBits>
  <stopBits>0</stopBits>
  <intervalTime>500</intervalTime>
  <DIY_Number>5</DIY_Number>
</configuration>