﻿<?xml version="1.0" encoding="utf-8"?>
<!--配置文件为软件自动生成，非软件的编写者不要尝试修改。by leomon 2016/4/25-->
<configuration firstTimeRunning="false">
  <Stand_P>6.4</Stand_P>
  <Stand_I>0</Stand_I>
  <Stand_D>1.85</Stand_D>
  <Speed_P>0</Speed_P>
  <Speed_I>0</Speed_I>
  <Speed_D>0</Speed_D>
  <Direction_P>4.3</Direction_P>
  <Direction_I>0</Direction_I>
  <Direction_D>14</Direction_D>
  <RealtimeNum>20</RealtimeNum>
  <textElectName1>实时变量1</textElectName1>
  <txtElectValue1 />
  <textElectName2>实时变量2</textElectName2>
  <txtElectValue2 />
  <textElectName3>实时变量3</textElectName3>
  <txtElectValue3 />
  <textElectName4>实时变量4</textElectName4>
  <txtElectValue4 />
  <textElectName5>实时变量5</textElectName5>
  <txtElectValue5 />
  <textElectName6>实时变量6</textElectName6>
  <txtElectValue6 />
  <textElectName7>实时变量7</textElectName7>
  <txtElectValue7 />
  <textElectName8>实时变量8</textElectName8>
  <txtElectValue8 />
  <textElectName9>实时变量9</textElectName9>
  <txtElectValue9 />
  <textElectName10>实时变量10</textElectName10>
  <txtElectValue10 />
  <textElectName11>实时变量11</textElectName11>
  <txtElectValue11 />
  <textElectName12>实时变量12</textElectName12>
  <txtElectValue12 />
  <textElectName13>实时变量13</textElectName13>
  <txtElectValue13 />
  <textElectName14>实时变量14</textElectName14>
  <txtElectValue14 />
  <textElectName15>实时变量15</textElectName15>
  <txtElectValue15 />
  <textElectName16>实时变量16</textElectName16>
  <txtElectValue16 />
  <textElectName17>实时变量17</textElectName17>
  <txtElectValue17 />
  <textElectName18>实时变量18</textElectName18>
  <txtElectValue18 />
  <textElectName19>实时变量19</textElectName19>
  <txtElectValue19 />
  <textElectName20>实时变量20</textElectName20>
  <txtElectValue20 />
  <DIY_TextName1>ghg</DIY_TextName1>
  <DIY_TextValue1>10.5</DIY_TextValue1>
  <buttonSubmit1>修改</buttonSubmit1>
  <DIY_TextName2>Name2</DIY_TextName2>
  <DIY_TextValue2>100</DIY_TextValue2>
  <buttonSubmit2>修改</buttonSubmit2>
  <DIY_TextName3>Name3</DIY_TextName3>
  <DIY_TextValue3>10.2</DIY_TextValue3>
  <buttonSubmit3>修改</buttonSubmit3>
  <DIY_TextName4>Name4</DIY_TextName4>
  <DIY_TextValue4>1.0</DIY_TextValue4>
  <buttonSubmit4>修改</buttonSubmit4>
  <DIY_TextName5>Name5</DIY_TextName5>
  <DIY_TextValue5>1.0</DIY_TextValue5>
  <buttonSubmit5>修改</buttonSubmit5>
  <DIY_TextName6>Name6</DIY_TextName6>
  <DIY_TextValue6>1.0</DIY_TextValue6>
  <buttonSubmit6>修改</buttonSubmit6>
  <DIY_TextName7>Name7</DIY_TextName7>
  <DIY_TextValue7>1.0</DIY_TextValue7>
  <buttonSubmit7>修改</buttonSubmit7>
  <DIY_TextName8>Name8</DIY_TextName8>
  <DIY_TextValue8>1.0</DIY_TextValue8>
  <buttonSubmit8>修改</buttonSubmit8>
  <DIY_TextName9>Name9</DIY_TextName9>
  <DIY_TextValue9>1.0</DIY_TextValue9>
  <buttonSubmit9>修改</buttonSubmit9>
  <DIY_TextName10>Name10</DIY_TextName10>
  <DIY_TextValue10>1.0</DIY_TextValue10>
  <buttonSubmit10>修改</buttonSubmit10>
  <SCOPE_TextName1>角度</SCOPE_TextName1>
  <SCOPE_TextName2>66</SCOPE_TextName2>
  <SCOPE_TextName3>JIAO_PWM</SCOPE_TextName3>
  <SCOPE_TextName4>S_PWM</SCOPE_TextName4>
  <SCOPE_TextName5>L_PWM</SCOPE_TextName5>
  <SCOPE_TextName6>g_iCarRightPulse</SCOPE_TextName6>
  <SCOPE_TextName7>cenr</SCOPE_TextName7>
  <SCOPE_TextName8>cnt_black</SCOPE_TextName8>
  <radioButton_carType>False</radioButton_carType>
  <DIY_CheckState1>True</DIY_CheckState1>
  <DIY_CheckState2>True</DIY_CheckState2>
  <DIY_CheckState3>True</DIY_CheckState3>
  <DIY_CheckState4>False</DIY_CheckState4>
  <DIY_CheckState5>False</DIY_CheckState5>
  <DIY_CheckState6>False</DIY_CheckState6>
  <DIY_CheckState7>False</DIY_CheckState7>
  <DIY_CheckState8>False</DIY_CheckState8>
  <DIY_CheckState9>False</DIY_CheckState9>
  <DIY_CheckState10>False</DIY_CheckState10>
  <SCOPE_CheckState1>True</SCOPE_CheckState1>
  <SCOPE_CheckState2>True</SCOPE_CheckState2>
  <SCOPE_CheckState3>True</SCOPE_CheckState3>
  <SCOPE_CheckState4>True</SCOPE_CheckState4>
  <SCOPE_CheckState5>True</SCOPE_CheckState5>
  <SCOPE_CheckState6>True</SCOPE_CheckState6>
  <SCOPE_CheckState7>False</SCOPE_CheckState7>
  <SCOPE_CheckState8>False</SCOPE_CheckState8>
  <DIY_Number>10</DIY_Number>
  <comboboxCCDPath>2</comboboxCCDPath>
</configuration>