﻿<?xml version="1.0" encoding="utf-8"?>
<!--配置文件为软件自动生成，非软件的编写者不要尝试修改。by leomon 2015/8/21-->
<configuration firstTimeRunning="false">
  <Stand_P>12</Stand_P>
  <Stand_I>0</Stand_I>
  <Stand_D>3.5</Stand_D>
  <Speed_P>15</Speed_P>
  <Speed_I>20</Speed_I>
  <Speed_D>6</Speed_D>
  <Direction_P>2.45</Direction_P>
  <Direction_I>0</Direction_I>
  <Direction_D>12</Direction_D>
  <DIY_TextName1>l</DIY_TextName1>
  <DIY_TextValue1>60</DIY_TextValue1>
  <buttonSubmit1>修改</buttonSubmit1>
  <DIY_TextName2>r</DIY_TextName2>
  <DIY_TextValue2>0</DIY_TextValue2>
  <buttonSubmit2>修改</buttonSubmit2>
  <DIY_TextName3>左死区</DIY_TextName3>
  <DIY_TextValue3>60</DIY_TextValue3>
  <buttonSubmit3>修改</buttonSubmit3>
  <DIY_TextName4>SEN_CCD</DIY_TextName4>
  <DIY_TextValue4>1</DIY_TextValue4>
  <buttonSubmit4>修改</buttonSubmit4>
  <DIY_TextName5>二值化</DIY_TextName5>
  <DIY_TextValue5>0</DIY_TextValue5>
  <buttonSubmit5>修改</buttonSubmit5>
  <DIY_TextName6>障碍_P</DIY_TextName6>
  <DIY_TextValue6>8</DIY_TextValue6>
  <buttonSubmit6>修改</buttonSubmit6>
  <DIY_TextName7>障碍_D</DIY_TextName7>
  <DIY_TextValue7>9</DIY_TextValue7>
  <buttonSubmit7>修改</buttonSubmit7>
  <DIY_TextName8>V_P</DIY_TextName8>
  <DIY_TextValue8>4.5</DIY_TextValue8>
  <buttonSubmit8>修改</buttonSubmit8>
  <DIY_TextName9>V_D</DIY_TextName9>
  <DIY_TextValue9>6.5</DIY_TextValue9>
  <buttonSubmit9>修改</buttonSubmit9>
  <DIY_TextName10>GYRO</DIY_TextName10>
  <DIY_TextValue10>1.00</DIY_TextValue10>
  <buttonSubmit10>修改</buttonSubmit10>
  <DIY_TextName11>数据11</DIY_TextName11>
  <DIY_TextValue11>1.00</DIY_TextValue11>
  <buttonSubmit11>修改</buttonSubmit11>
  <DIY_TextName12>数据12</DIY_TextName12>
  <DIY_TextValue12>1.00</DIY_TextValue12>
  <buttonSubmit12>修改</buttonSubmit12>
  <DIY_TextName13>数据13</DIY_TextName13>
  <DIY_TextValue13>1.00</DIY_TextValue13>
  <buttonSubmit13>修改</buttonSubmit13>
  <DIY_TextName14>数据14</DIY_TextName14>
  <DIY_TextValue14>1.00</DIY_TextValue14>
  <buttonSubmit14>修改</buttonSubmit14>
  <DIY_TextName15>数据15</DIY_TextName15>
  <DIY_TextValue15>1.00</DIY_TextValue15>
  <buttonSubmit15>修改</buttonSubmit15>
  <DIY_TextName16>数据16</DIY_TextName16>
  <DIY_TextValue16>1.00</DIY_TextValue16>
  <buttonSubmit16>修改</buttonSubmit16>
  <DIY_TextName17>数据17</DIY_TextName17>
  <DIY_TextValue17>1.00</DIY_TextValue17>
  <buttonSubmit17>修改</buttonSubmit17>
  <DIY_TextName18>数据18</DIY_TextName18>
  <DIY_TextValue18>1.00</DIY_TextValue18>
  <buttonSubmit18>修改</buttonSubmit18>
  <DIY_TextName19>数据19</DIY_TextName19>
  <DIY_TextValue19>1.00</DIY_TextValue19>
  <buttonSubmit19>修改</buttonSubmit19>
  <DIY_TextName20>数据20</DIY_TextName20>
  <DIY_TextValue20>1.00</DIY_TextValue20>
  <buttonSubmit20>修改</buttonSubmit20>
  <Electricity_Num>10</Electricity_Num>
  <textElectName1>实时变量1</textElectName1>
  <txtElectValue1>1</txtElectValue1>
  <textElectName2>实时变量2</textElectName2>
  <txtElectValue2>0</txtElectValue2>
  <textElectName3>实时变量3</textElectName3>
  <txtElectValue3>1</txtElectValue3>
  <textElectName4>实时变量4</textElectName4>
  <txtElectValue4>1.00</txtElectValue4>
  <textElectName5>实时变量5</textElectName5>
  <txtElectValue5>1.00</txtElectValue5>
  <textElectName6>实时变量6</textElectName6>
  <txtElectValue6>1.00</txtElectValue6>
  <textElectName7>实时变量7</textElectName7>
  <txtElectValue7>1.00</txtElectValue7>
  <textElectName8>实时变量8</textElectName8>
  <txtElectValue8>1.00</txtElectValue8>
  <textElectName9>实时变量9</textElectName9>
  <txtElectValue9>1.00</txtElectValue9>
  <textElectName10>实时变量10</textElectName10>
  <txtElectValue10>1.00</txtElectValue10>
  <SCOPE_TextName1>角度</SCOPE_TextName1>
  <SCOPE_TextName2>加速度</SCOPE_TextName2>
  <SCOPE_TextName3>JIAO_PWM</SCOPE_TextName3>
  <SCOPE_TextName4>S_PWM</SCOPE_TextName4>
  <SCOPE_TextName5>L_PWM</SCOPE_TextName5>
  <SCOPE_TextName6>g_iCarRightPulse</SCOPE_TextName6>
  <SCOPE_TextName7>cenr</SCOPE_TextName7>
  <SCOPE_TextName8>cnt_black</SCOPE_TextName8>
  <acceptChar>False</acceptChar>
  <showInfo>True</showInfo>
  <radioButton_carType>False</radioButton_carType>
  <DIY_CheckState1>True</DIY_CheckState1>
  <DIY_CheckState2>True</DIY_CheckState2>
  <DIY_CheckState3>True</DIY_CheckState3>
  <DIY_CheckState4>True</DIY_CheckState4>
  <DIY_CheckState5>True</DIY_CheckState5>
  <DIY_CheckState6>True</DIY_CheckState6>
  <DIY_CheckState7>True</DIY_CheckState7>
  <DIY_CheckState8>True</DIY_CheckState8>
  <DIY_CheckState9>True</DIY_CheckState9>
  <DIY_CheckState10>True</DIY_CheckState10>
  <DIY_CheckState11>False</DIY_CheckState11>
  <DIY_CheckState12>False</DIY_CheckState12>
  <DIY_CheckState13>False</DIY_CheckState13>
  <DIY_CheckState14>False</DIY_CheckState14>
  <DIY_CheckState15>False</DIY_CheckState15>
  <DIY_CheckState16>False</DIY_CheckState16>
  <DIY_CheckState17>False</DIY_CheckState17>
  <DIY_CheckState18>False</DIY_CheckState18>
  <DIY_CheckState19>False</DIY_CheckState19>
  <DIY_CheckState20>False</DIY_CheckState20>
  <SCOPE_CheckState1>True</SCOPE_CheckState1>
  <SCOPE_CheckState2>True</SCOPE_CheckState2>
  <SCOPE_CheckState3>False</SCOPE_CheckState3>
  <SCOPE_CheckState4>False</SCOPE_CheckState4>
  <SCOPE_CheckState5>False</SCOPE_CheckState5>
  <SCOPE_CheckState6>False</SCOPE_CheckState6>
  <SCOPE_CheckState7>False</SCOPE_CheckState7>
  <SCOPE_CheckState8>False</SCOPE_CheckState8>
  <selectedPort>2</selectedPort>
  <baudRate>11</baudRate>
  <parity>0</parity>
  <dataBits>0</dataBits>
  <stopBits>0</stopBits>
  <intervalTime>500</intervalTime>
  <DIY_Number>20</DIY_Number>
</configuration>